Type,Name,Request Count,Failure Count,Median Response Time,Average Response Time,Min Response Time,Max Response Time,Average Content Size,Requests/s,Failures/s,50%,66%,75%,80%,90%,95%,98%,99%,99.9%,99.99%,100%
GET,/readMessage,4097,1,150.0,281.869895831487,9.677002904936671,1964.993680943735,9277.186966072737,13.158580511181121,0.003211759949031272,150,320,420,500,710,900,1100,1200,1800,2000,2000
POST,/sendMessage,2036,3,1200.0,1226.6477906313946,7.170632015913725,3794.1192319849506,132.8040275049116,6.53914325622767,0.009635279847093817,1200,1400,1600,1800,2000,2300,2600,2800,3500,3800,3800
,Aggregated,6133,4,370.0,595.5121253786274,7.170632015913725,3794.1192319849506,6241.484428501549,19.697723767408792,0.012847039796125089,370,670,910,1100,1500,1900,2200,2500,3300,3800,3800
