Type,Name,Request Count,Failure Count,Median Response Time,Average Response Time,Min Response Time,Max Response Time,Average Content Size,Requests/s,Failures/s,50%,66%,75%,80%,90%,95%,98%,99%,99.9%,99.99%,100%
GET,/readMessage,4947,4,5600.0,5418.170569253685,2.2971839999996746,10484.503759999996,181015.05902567212,16.347976033166933,0.013218496893605767,5600,6100,6400,6500,7000,7400,7700,8000,9300,10000,10000
POST,/sendMessage,2439,143,8000.0,14122.636300128315,79.61460099999584,120935.242155,125.20213202132021,8.059978480876117,0.4725612639464062,8000,8600,9100,9400,10000,120000,120000,120000,121000,121000,121000
,Aggregated,7386,147,6200.0,8292.553444639996,2.2971839999996746,120935.242155,121281.73097752505,24.407954514043052,0.48577976084001195,6200,6700,7200,7700,8800,9800,12000,120000,120000,121000,121000
