Type,Name,Request Count,Failure Count,Median Response Time,Average Response Time,Min Response Time,Max Response Time,Average Content Size,Requests/s,Failures/s,50%,66%,75%,80%,90%,95%,98%,99%,99.9%,99.99%,100%
GET,/readMessage,4974,6,1900.0,2092.261875975155,17.20365695655346,6063.1803929572925,13227.4429030961,16.48170111368271,0.01988142474509374,1900,2500,2900,3100,3700,4300,5100,5400,6000,6100,6100
POST,/sendMessage,2502,2,3200.0,3414.1099226316614,7.550565991550684,9236.007687984966,132.89368505195844,8.290554118704089,0.006627141581697913,3200,4100,4600,4900,5700,6400,7300,7800,9000,9200,9200
,Aggregated,7476,8,2300.0,2534.6460135801062,7.550565991550684,9236.007687984966,8845.077715355805,24.7722552323868,0.026508566326791654,2300,3000,3400,3700,4700,5400,6300,6900,8600,9200,9200
