Type,Name,Request Count,Failure Count,Median Response Time,Average Response Time,Min Response Time,Max Response Time,Average Content Size,Requests/s,Failures/s,50%,66%,75%,80%,90%,95%,98%,99%,99.9%,99.99%,100%
POST,/readMessage,9528,6,18,19.03183262711735,3.9134500548243523,62.43998499121517,127289.0764063812,30.72068894807013,0.019345522007600837,18,21,22,24,28,32,37,41,54,62,62
POST,/sendMessage,4799,3,12,14.188936391790424,6.121583050116897,57.005753042176366,11.992498437174412,15.473193352412736,0.009672761003800419,12,14,16,18,22,26,32,36,54,57,57
,Aggregated,14327,9,16,17.409646612366604,3.9134500548243523,62.43998499121517,84656.09492566483,46.19388230048286,0.029018283011401254,16,19,21,22,26,31,36,40,54,60,62
