Type,Name,Request Count,Failure Count,Median Response Time,Average Response Time,Min Response Time,Max Response Time,Average Content Size,Requests/s,Failures/s,50%,66%,75%,80%,90%,95%,98%,99%,99.9%,99.99%,100%
GET,/readMessage,3653,0,2200.0,3820.985198688751,22.910938999984864,14344.392514999981,130612.95017793594,12.05563312711905,0.0,2200,3900,7100,7600,8600,9000,9600,10000,12000,14000,14000
POST,/sendMessage,1838,15,3500.0,6436.810775778567,9.39316400001644,120377.88662599996,131.91458106637648,6.065768871515141,0.049503010376891796,3500,5400,10000,11000,12000,13000,14000,14000,120000,120000,120000
,Aggregated,5491,15,2600.0,4696.579336494443,9.39316400001644,120377.88662599996,86937.09087597887,18.12140199863419,0.049503010376891796,2600,4900,7500,8200,9900,12000,13000,13000,120000,120000,120000
