Type,Name,Request Count,Failure Count,Median Response Time,Average Response Time,Min Response Time,Max Response Time,Average Content Size,Requests/s,Failures/s,50%,66%,75%,80%,90%,95%,98%,99%,99.9%,99.99%,100%
GET,/readMessage,4747,4,520.0,645.0123241395537,10.960003943182528,3611.9195979554206,11451.558879292184,15.521055100288278,0.01307862237226735,520,740,870,970,1400,1700,2200,2700,3400,3600,3600
POST,/sendMessage,2359,2,1500.0,1602.1363377832065,6.102558923885226,5087.201290065423,132.88724035608308,7.713117544044669,0.006539311186133675,1500,1800,2100,2200,2800,3400,4000,4300,4800,5100,5100
,Aggregated,7106,6,750.0,962.7516357333304,6.102558923885226,5087.201290065423,7694.065719110611,23.234172644332947,0.019617933558401024,750,1100,1300,1600,2100,2600,3200,3700,4600,5100,5100
