Type,Name,Request Count,Failure Count,Median Response Time,Average Response Time,Min Response Time,Max Response Time,Average Content Size,Requests/s,Failures/s,50%,66%,75%,80%,90%,95%,98%,99%,99.9%,99.99%,100%
GET,/readMessage,4707,3,4900.0,5913.227290366051,4.82632799997873,16659.878003000016,172379.70150839176,15.580456674705996,0.009930182711731036,4900,6000,7500,8100,10000,11000,12000,13000,16000,17000,17000
POST,/sendMessage,2178,494,6900.0,32544.349924264854,627.396130000001,121117.128084,102.83379247015611,7.2093126487167325,1.6351700865317107,6900,8500,13000,120000,120000,120000,120000,120000,121000,121000,121000
,Aggregated,6885,497,5700.0,14337.713143181114,4.82632799997873,121117.128084,117881.65969498911,22.78976932342273,1.6451002692434418,5700,7100,8200,9100,12000,120000,120000,120000,121000,121000,121000
