Type,Name,Request Count,Failure Count,Median Response Time,Average Response Time,Min Response Time,Max Response Time,Average Content Size,Requests/s,Failures/s,50%,66%,75%,80%,90%,95%,98%,99%,99.9%,99.99%,100%
POST,/readMessage,8302,5,17,17.839712844362833,3.0740509973838925,98.65808393806219,111842.07383762949,25.958976797111152,0.015634170559570677,17,19,21,22,25,29,34,38,51,99,99
POST,/sendMessage,4200,4,12,13.77519083353469,4.784655058756471,95.24414094630629,11.98857142857143,13.13270327003937,0.012507336447656543,12,14,15,17,21,25,30,34,46,95,95
,Aggregated,12502,9,15,16.474251922472078,3.0740509973838925,98.65808393806219,74273.17621180612,39.09168006715052,0.028141507007227222,15,18,20,21,24,28,33,37,49,95,99
