Type,Name,Request Count,Failure Count,Median Response Time,Average Response Time,Min Response Time,Max Response Time,Average Content Size,Requests/s,Failures/s,50%,66%,75%,80%,90%,95%,98%,99%,99.9%,99.99%,100%
GET,/readMessage,5104,6,1100.0,1269.7993541467747,6.2959271017462015,4275.0351540744305,12742.73236677116,16.766381094132235,0.01970969564357238,1100,1600,1900,2000,2600,3100,3500,3700,4100,4300,4300
POST,/sendMessage,2501,1,2200.0,2389.0235561758604,22.367162979207933,7163.64011191763,132.94682127149142,8.215658134095753,0.0032849492739287296,2200,2900,3300,3600,4300,4800,5400,5600,6200,7200,7200
,Aggregated,7605,7,1400.0,1637.8703244656124,6.2959271017462015,7163.64011191763,8595.845627876397,24.98203922822799,0.022994644917501108,1400,1900,2300,2600,3300,4000,4700,5100,6100,7200,7200
