Type,Name,Request Count,Failure Count,Median Response Time,Average Response Time,Min Response Time,Max Response Time,Average Content Size,Requests/s,Failures/s,50%,66%,75%,80%,90%,95%,98%,99%,99.9%,99.99%,100%
POST,/readMessage,4953,6,14,14.748863115041392,3.7584840320050716,41.46845801733434,65888.71976579851,15.796380027407036,0.019135530015029722,14,16,17,18,20,22,25,27,36,41,41
POST,/sendMessage,2452,1,12,12.992196283039226,3.586785984225571,39.799057063646615,11.99510603588907,7.820053266142147,0.003189255002504954,12,13,14,15,18,22,25,28,37,40,40
,Aggregated,7405,7,13,14.167182214019203,3.586785984225571,41.46845801733434,44075.1169480081,23.616433293549182,0.02232478501753468,13,15,16,17,20,22,25,27,36,41,41
