Type,Name,Request Count,Failure Count,Median Response Time,Average Response Time,Min Response Time,Max Response Time,Average Content Size,Requests/s,Failures/s,50%,66%,75%,80%,90%,95%,98%,99%,99.9%,99.99%,100%
POST,/readMessage,19816,1948,270.0,1531.0364195652924,1.706554000008964,11856.642962999957,215649.41855066613,65.41763274241082,6.43084116785508,270,810,1300,1700,7400,9300,11000,12000,12000,12000,12000
POST,/sendMessage,9742,912,240.0,1463.757848564872,4.368546000023343,11815.162923999993,10.876616711147609,32.1608083456079,3.0107428876200375,240,770,1300,1700,7100,9200,11000,12000,12000,12000,12000
,Aggregated,29558,2860,260.0,1508.8621236492643,1.706554000008964,11856.642962999957,144577.2663238379,97.5784410880187,9.441584055475117,260,790,1300,1700,7300,9200,11000,12000,12000,12000,12000
