Type,Name,Request Count,Failure Count,Median Response Time,Average Response Time,Min Response Time,Max Response Time,Average Content Size,Requests/s,Failures/s,50%,66%,75%,80%,90%,95%,98%,99%,99.9%,99.99%,100%
POST,/readMessage,9064,321,12,290.71560097572814,4.96587599999998,9832.447297000015,112741.41890997352,29.82567265663584,1.0562710638548218,12,13,15,16,21,39,7900,8900,9700,9800,9800
POST,/sendMessage,4586,169,9,300.89656581203667,4.519540999979199,9909.778312999975,11.557784561709552,15.090526787657984,0.5561053264531617,9,10,11,13,17,45,8200,8900,9800,9900,9900
,Aggregated,13650,490,11,294.1361068174351,4.519540999979199,9909.778312999975,74867.48901098901,44.916199444293824,1.6123763903079835,11,12,14,15,20,40,8000,8900,9700,9900,9900
