Type,Name,Request Count,Failure Count,Median Response Time,Average Response Time,Min Response Time,Max Response Time,Average Content Size,Requests/s,Failures/s,50%,66%,75%,80%,90%,95%,98%,99%,99.9%,99.99%,100%
POST,/readMessage,17187,900,20,496.1474619153997,1.7410299999909284,10080.934447000003,202815.58590795367,56.684246275738424,2.9682796094818515,20,31,45,60,120,6300,8700,9300,9900,10000,10000
POST,/sendMessage,8431,451,15,487.89087176562794,1.7117539999986775,10070.916131000018,11.358083264144229,27.80618376393499,1.4874378931959056,15,25,38,52,120,6300,8700,9300,9900,10000,10000
,Aggregated,25618,1351,18,493.4301806462675,1.7117539999986775,10080.934447000003,136071.79463658365,84.49043003967341,4.455717502677757,18,30,43,58,120,6300,8700,9300,9900,10000,10000
