Type,Name,Request Count,Failure Count,Median Response Time,Average Response Time,Min Response Time,Max Response Time,Average Content Size,Requests/s,Failures/s,50%,66%,75%,80%,90%,95%,98%,99%,99.9%,99.99%,100%
POST,/readMessage,3186,0,13,13.056866098986033,6.568513927049935,34.359065000899136,42388.35561833019,10.28620494437107,0.0,13,14,14,15,17,19,22,24,32,34,34
POST,/sendMessage,1626,2,12,12.915571133516211,3.149122931063175,35.49047699198127,11.985239852398523,5.249645084603691,0.006457128025342794,12,13,14,15,17,19,24,28,34,35,35
,Aggregated,4812,2,12,13.009121790205082,3.149122931063175,35.49047699198127,28069.158146300913,15.535850028974762,0.006457128025342794,12,13,14,15,17,19,22,25,34,35,35
