Type,Name,Request Count,Failure Count,Median Response Time,Average Response Time,Min Response Time,Max Response Time,Average Content Size,Requests/s,Failures/s,50%,66%,75%,80%,90%,95%,98%,99%,99.9%,99.99%,100%
POST,/readMessage,6380,6,16,16.036434944421288,3.876421949826181,48.12808893620968,85711.50360501568,20.527180841251102,0.019304558784875647,16,17,19,19,22,25,28,31,42,48,48
POST,/sendMessage,3210,0,12,13.159269586095233,6.605019909329712,41.54175007715821,12.0,10.32793894990847,0.0,12,13,15,16,19,22,26,29,35,42,42
,Aggregated,9590,6,14,15.073379595075444,3.876421949826181,48.12808893620968,57025.851199165794,30.855119791159574,0.019304558784875647,14,16,18,19,21,24,28,30,39,48,48
