Type,Name,Request Count,Failure Count,Median Response Time,Average Response Time,Min Response Time,Max Response Time,Average Content Size,Requests/s,Failures/s,50%,66%,75%,80%,90%,95%,98%,99%,99.9%,99.99%,100%
GET,/readMessage,2657,4,51,106.42585086075944,3.7702779518440366,934.0386879630387,6117.558148287542,8.662296501854536,0.013040717353187107,51,70,95,130,290,420,550,630,880,930,930
POST,/sendMessage,1365,0,1300.0,1293.1871945861446,102.80909901484847,2970.146434963681,133.0,4.4501447967751,0.0,1300,1600,1800,1900,2200,2300,2500,2600,2900,3000,3000
,Aggregated,4022,4,98,509.1929404145016,3.7702779518440366,2970.146434963681,4086.4985082048734,13.112441298629635,0.013040717353187107,99,420,780,1100,1700,2100,2300,2500,2800,3000,3000
